chr,pos,ref,alt
chr3,4640264,A,C
chr3,11611763,T,C
chr3,11611854,G,C
chr3,12525605,G,T
chr3,12525636,C,A
chr3,12525777,T,C
chr3,12525837,C,T
chr3,12525859,C,A
chr3,12525969,C,G
chr3,46254791,T,C
chr3,72225746,G,A
chr3,75834105,T,C
chr3,75834429,C,G
chr3,75834460,C,G
chr3,75834525,C,T
chr3,75834617,T,C
chr3,75834741,G,A
chr3,109645280,A,T
chr3,109645594,T,A
chr3,121946134,C,T
chr3,121946297,C,A
chr3,121946452,A,G
chr3,141944320,C,A
chr3,141944468,G,A
chr3,187086990,C,T
chr3,187087258,T,G
chr3,190788085,G,C
chr3,190788381,T,C